{"mean":{"confidence_interval":{"confidence_level":0.95,"lower_bound":17818984.960999995,"upper_bound":17922729.22258333},"point_estimate":17869913.94666666,"standard_error":26482.11139914144},"median":{"confidence_interval":{"confidence_level":0.95,"lower_bound":17749114.0,"upper_bound":17904518.333333332},"point_estimate":17818000.0,"standard_error":38420.92572962488},"median_abs_dev":{"confidence_interval":{"confidence_level":0.95,"lower_bound":218044.9897289313,"upper_bound":346946.9078079591},"point_estimate":299217.0911878366,"standard_error":31504.341841580484},"slope":null,"std_dev":{"confidence_interval":{"confidence_level":0.95,"lower_bound":232733.5964940925,"upper_bound":298878.58085689193},"point_estimate":267856.23344021366,"standard_error":16919.69543919065}}