{"mean":{"confidence_interval":{"confidence_level":0.95,"lower_bound":48681190.375,"upper_bound":48971542.975},"point_estimate":48816980.0,"standard_error":74196.7274096789},"median":{"confidence_interval":{"confidence_level":0.95,"lower_bound":48537600.0,"upper_bound":48690000.0},"point_estimate":48605625.0,"standard_error":35675.570625553744},"median_abs_dev":{"confidence_interval":{"confidence_level":0.95,"lower_bound":245852.140635252,"upper_bound":459791.3168370724},"point_estimate":338292.248994112,"standard_error":55499.160397742955},"slope":null,"std_dev":{"confidence_interval":{"confidence_level":0.95,"lower_bound":476229.48128584225,"upper_bound":975270.8003627553},"point_estimate":743163.4724050771,"standard_error":127429.81453279019}}