{"mean":{"confidence_interval":{"confidence_level":0.95,"lower_bound":1924.9585484714487,"upper_bound":1938.38294148218},"point_estimate":1931.1907752089182,"standard_error":3.441297516245477},"median":{"confidence_interval":{"confidence_level":0.95,"lower_bound":1920.6565202179238,"upper_bound":1927.6174306734579},"point_estimate":1925.3202914694143,"standard_error":2.0004418425156434},"median_abs_dev":{"confidence_interval":{"confidence_level":0.95,"lower_bound":11.118606427888116,"upper_bound":23.504707314263477},"point_estimate":16.43873374983102,"standard_error":3.123338691841142},"slope":{"confidence_interval":{"confidence_level":0.95,"lower_bound":1920.7964745287768,"upper_bound":1930.9839203953097},"point_estimate":1925.6816225744071,"standard_error":2.5932663830100195},"std_dev":{"confidence_interval":{"confidence_level":0.95,"lower_bound":21.596402530740768,"upper_bound":45.926257505595814},"point_estimate":34.52592480035583,"standard_error":6.240628427695859}}